{
    "Objects": [
        {
            "name": "Land_Castle_Bergfrit",
            "pos": [
                14344.73828125,
                105.54951477050781,
                13670.728515625
            ],
            "ypr": [
                136.047119140625,
                -0.0,
                -0.0
            ],
            "scale": 0.9999993443489075
        },
        {
            "name": "Land_Castle_Wall1_End1",
            "pos": [
                14357.841796875,
                109.1217041015625,
                13676.23828125
            ],
            "ypr": [
                135.77430725097657,
                -0.0,
                -0.0
            ],
            "scale": 0.9999980926513672
        }
    ]
}